{"cameraMode":{"drawMode":0,"name":"Shaded","section":"Shading Mode"},"sceneLighting":true,"audioPlay":false,"sceneViewState":{"m_AlwaysRefresh":false,"showFog":true,"showSkybox":true,"showFlares":true,"showImageEffects":true,"showParticleSystems":true,"showVisualEffectGraphs":true,"m_FxEnabled":true},"in2DMode":false,"pivot":{"x":-0.3984827697277069,"y":0.7796065807342529,"z":-5.0864105224609379},"rotation":{"x":0.0014505787985399366,"y":-0.9983174204826355,"z":0.050355903804302219,"w":0.028755635023117067},"size":4.866053104400635,"orthographic":false}