{"cameraMode":{"drawMode":0,"name":"Shaded","section":"Shading Mode"},"sceneLighting":true,"audioPlay":false,"sceneViewState":{"m_AlwaysRefresh":false,"showFog":true,"showSkybox":true,"showFlares":true,"showImageEffects":true,"showParticleSystems":true,"showVisualEffectGraphs":true,"m_FxEnabled":true},"in2DMode":false,"pivot":{"x":0.11573945730924607,"y":3.6169090270996095,"z":0.1338161826133728},"rotation":{"x":0.010448187589645386,"y":0.8441610932350159,"z":-0.01646321825683117,"w":0.535736620426178},"size":2.8183858394622804,"orthographic":false}