{"cameraMode":{"drawMode":0,"name":"Shaded","section":"Shading Mode"},"sceneLighting":true,"audioPlay":false,"sceneViewState":{"m_AlwaysRefresh":false,"showFog":true,"showSkybox":true,"showFlares":true,"showImageEffects":true,"showParticleSystems":true,"showVisualEffectGraphs":true,"m_FxEnabled":true},"in2DMode":false,"pivot":{"x":-1.010380744934082,"y":3.6006085872650148,"z":-2.6173810958862306},"rotation":{"x":-0.0023598959669470789,"y":0.9966952800750732,"z":-0.031406283378601077,"w":-0.07489274442195893},"size":4.861847877502441,"orthographic":false}